{"cameraMode":{"drawMode":0,"name":"Shaded","section":"Shading Mode"},"sceneLighting":false,"audioPlay":false,"sceneViewState":{"showFog":true,"showMaterialUpdate":false,"showSkybox":true,"showFlares":true,"showImageEffects":true,"showParticleSystems":true},"in2DMode":false,"pivot":{"x":-1.4018291234970093,"y":-4.356630802154541,"z":1.6316947937011719},"rotation":{"x":-0.2388898730278015,"y":0.6591994762420654,"z":-0.23378409445285798,"w":-0.6735967993736267},"size":2.8578836917877199,"orthographic":false}