{"cameraMode":{"drawMode":0,"name":"Shaded","section":"Shading Mode"},"sceneLighting":false,"audioPlay":false,"sceneViewState":{"showFog":true,"showMaterialUpdate":false,"showSkybox":true,"showFlares":true,"showImageEffects":true,"showParticleSystems":true},"in2DMode":false,"pivot":{"x":3.999999523162842,"y":-0.31688180565834048,"z":4.000000476837158},"rotation":{"x":0.3845101296901703,"y":-0.0815427228808403,"z":0.03412054479122162,"w":0.918878972530365},"size":23.360397338867189,"orthographic":false}