{"cameraMode":{"drawMode":0,"name":"Shaded","section":"Shading Mode"},"sceneLighting":true,"audioPlay":false,"sceneViewState":{"showFog":true,"showMaterialUpdate":false,"showSkybox":true,"showFlares":true,"showImageEffects":true,"showParticleSystems":true},"in2DMode":false,"pivot":{"x":4.959803104400635,"y":-5.686842918395996,"z":2.6921846866607668},"rotation":{"x":0.11620651185512543,"y":0.8744917511940002,"z":-0.2579282820224762,"w":0.39399656653404238},"size":26.42183494567871,"orthographic":false}