{"cameraMode":{"drawMode":0,"name":"Shaded","section":"Shading Mode"},"sceneLighting":false,"audioPlay":false,"sceneViewState":{"showFog":true,"showMaterialUpdate":false,"showSkybox":true,"showFlares":true,"showImageEffects":true,"showParticleSystems":true},"in2DMode":false,"pivot":{"x":-1.4018291234970093,"y":-4.356630802154541,"z":1.6316947937011719},"rotation":{"x":-0.24817723035812379,"y":-0.009592660702764988,"z":0.0024580685421824457,"w":-0.9686641097068787},"size":2.8578836917877199,"orthographic":false}