{"cameraMode":{"drawMode":0,"name":"Shaded","section":"Shading Mode"},"sceneLighting":false,"audioPlay":false,"sceneViewState":{"showFog":true,"showMaterialUpdate":false,"showSkybox":true,"showFlares":true,"showImageEffects":true,"showParticleSystems":true},"in2DMode":false,"pivot":{"x":-0.0443418025970459,"y":0.5501607060432434,"z":-0.034850120544433597},"rotation":{"x":-0.1005936935544014,"y":0.030438294634222986,"z":-0.0030783258844166996,"w":-0.9944571256637573},"size":2.8361763954162599,"orthographic":false}