{"cameraMode":{"drawMode":0,"name":"Shaded","section":"Shading Mode"},"sceneLighting":false,"audioPlay":false,"sceneViewState":{"showFog":true,"showMaterialUpdate":false,"showSkybox":true,"showFlares":true,"showImageEffects":true,"showParticleSystems":true},"in2DMode":false,"pivot":{"x":-0.26285505294799807,"y":0.2371683418750763,"z":-0.4326688349246979},"rotation":{"x":-0.07611248642206192,"y":0.6235394477844238,"z":-0.061183955520391467,"w":-0.775668740272522},"size":1.636176586151123,"orthographic":false}